TIME,PROCESSES,ROWS,COLS,GENERATIONS
307.717939,1,12800,12800,100
154.370011,2,12800,12800,100
103.111674,3,12800,12800,100
78.475095,4,12800,12800,100
62.295708,5,12800,12800,100
52.248316,6,12800,12800,100
45.644303,7,12800,12800,100
40.378860,8,12800,12800,100
