TIME,PROCESSES,ROWS,COLS,GENERATIONS
38.017007,1,1600,12800,100
38.069515,2,3200,12800,100
38.741451,3,4800,12800,100
39.504153,4,6400,12800,100
39.136029,5,8000,12800,100
39.742545,6,9600,12800,100
40.560406,7,11200,12800,100
41.521149,8,12800,12800,100
